date,value
2020-04-10,0.8320050239562988
2020-04-11,0.9510539770126343
2020-04-12,0.7854480147361755
2020-04-13,0.8907600045204163
2020-04-14,0.7778319716453552
2020-04-15,0.6692889928817749
2020-04-16,0.6308789849281311
2020-04-17,0.6893119812011719
2020-04-18,0.6607279777526855
2020-04-19,0.6815159916877747
2020-04-20,0.6129480004310608
2020-04-21,0.5413870215415955
2020-04-22,0.5811660289764404
2020-04-23,0.6853470206260681
2020-04-24,0.6240209937095642
2020-04-25,0.6305279731750488
2020-04-26,0.6532149910926819
2020-04-27,0.6357139945030212
2020-04-28,0.5782529711723328
2020-04-29,0.6622859835624695
2020-04-30,0.7471950054168701
2020-05-01,0.6910449862480164
2020-05-02,0.7272679805755615
2020-05-03,0.7147960066795349
2020-05-04,0.6796249747276306
2020-05-05,0.6734399795532227
2020-05-06,0.6424540281295776
2020-05-07,0.6225839853286743
2020-05-08,0.6129779815673828
2020-05-09,0.6040419936180115
2020-05-10,0.6044610142707825
2020-05-11,0.5362550020217896
2020-05-12,0.5133910179138184
2020-05-13,0.5383719801902771
2020-05-14,0.5505319833755493
2020-05-15,0.5691930055618286
2020-05-16,0.5589810013771057
2020-05-17,0.5952280163764954
2020-05-18,0.6126819849014282
2020-05-19,0.6509739756584167
2020-05-20,0.6224750280380249
2020-05-21,0.579692006111145
2020-05-22,0.6052389740943909
2020-05-23,0.6374149918556213
2020-05-24,0.6132889986038208
2020-05-25,0.5485699772834778
2020-05-26,0.5991039872169495
2020-05-27,0.5733069777488708
2020-05-28,0.5908839702606201
2020-05-29,0.5746989846229553
2020-05-30,0.5813549757003784
2020-05-31,0.5879030227661133
2020-06-01,0.5734720230102539
2020-06-02,0.5771420001983643
2020-06-03,0.5646690130233765
2020-06-04,0.5868669748306274
2020-06-05,0.5872989892959595
2020-06-06,0.6610710024833679
2020-06-07,0.6224430203437805
2020-06-08,0.6150779724121094
2020-06-09,0.6677839756011963
2020-06-10,0.6580380201339722
2020-06-11,0.6448879837989807
2020-06-12,0.574059009552002
2020-06-13,0.5939480066299438
2020-06-14,0.6109269857406616
2020-06-15,0.5883730053901672
2020-06-16,0.5705789923667908
2020-06-17,0.5854970216751099
2020-06-18,0.5815820097923279
2020-06-19,0.6224070191383362
2020-06-20,0.6825230121612549
2020-06-21,0.6461349725723267
2020-06-22,0.6725770235061646
2020-06-23,0.7267730236053467
2020-06-24,0.7085300087928772
2020-06-25,0.7371000051498413
2020-06-26,0.7125309705734253
2020-06-27,0.7395970225334167
2020-06-28,0.7135480046272278
2020-06-29,0.7984949946403503
2020-06-30,0.8530219793319702
2020-07-01,0.8633639812469482
2020-07-02,0.8321160078048706
2020-07-03,0.7820360064506531
2020-07-04,0.7679409980773926
2020-07-05,0.7801010012626648
2020-07-06,0.6916639804840088
2020-07-07,0.7078580260276794
2020-07-08,0.7530480027198792
2020-07-09,0.7940179705619812
2020-07-10,0.8533040285110474
2020-07-11,0.9135599732398987
2020-07-12,0.9238560199737549
2020-07-13,1.0167160034179688
2020-07-14,1.172476053237915
2020-07-15,1.147523045539856
2020-07-16,1.28403902053833
2020-07-17,0.870760977268219
2020-07-18,0.9775149822235107
2020-07-19,0.9680039882659912
2020-07-20,0.9205150008201599
2020-07-21,0.8729280233383179
2020-07-22,0.9771980047225952
2020-07-23,1.0461549758911133
2020-07-24,1.0498440265655518
2020-07-25,0.9954400062561035
2020-07-26,1.2447279691696167
2020-07-27,1.5650980472564697
2020-07-28,1.7841110229492188
2020-07-29,1.785662055015564
2020-07-30,1.6582889556884766
2020-07-31,1.6868070363998413
2020-08-01,1.5327589511871338
2020-08-02,1.5299099683761597
2020-08-03,1.7322900295257568
2020-08-04,1.8000119924545288
2020-08-05,1.870736002922058
2020-08-06,1.7545499801635742
2020-08-07,2.2031660079956055
2020-08-08,2.0838890075683594
2020-08-09,2.4715559482574463
2020-08-10,2.6652278900146484
2020-08-11,3.131042003631592
2020-08-12,3.307957887649536
2020-08-13,3.770703077316284
2020-08-14,3.7601680755615234
2020-08-15,3.412554979324341
2020-08-16,3.185405969619751
2020-08-17,3.385653018951416
2020-08-18,3.104469060897827
2020-08-19,3.3286960124969482
2020-08-20,2.899040937423706
2020-08-21,3.2097179889678955
2020-08-22,2.945307970046997
2020-08-23,3.0208630561828613
2020-08-24,3.3122220039367676
2020-08-25,3.3496639728546143
2020-08-26,3.2660410404205322
2020-08-27,3.5578439235687256
2020-08-28,3.4524950981140137
2020-08-29,4.01421594619751
2020-08-30,3.970010995864868
2020-08-31,4.4216790199279785
2020-09-01,4.781050205230713
2020-09-02,4.3526930809021
2020-09-03,4.168772220611572
2020-09-04,3.523390054702759
2020-09-05,3.5509839057922363
2020-09-06,2.6003170013427734
2020-09-07,3.0860838890075684
2020-09-08,2.927628993988037
2020-09-09,2.4711780548095703
2020-09-10,3.636378049850464
2020-09-11,3.4673349857330322
2020-09-12,3.4191019535064697
2020-09-13,3.336380958557129
2020-09-14,3.2315258979797363
2020-09-15,3.2691330909729004
2020-09-16,2.9393069744110107
2020-09-17,2.5453989505767822
2020-09-18,2.891874074935913
2020-09-19,3.1117470264434814
2020-09-20,3.0310280323028564
2020-09-21,2.8709030151367188
2020-09-22,2.7736880779266357
2020-09-23,2.9303550720214844
2020-09-24,2.838120937347412
2020-09-25,3.1455440521240234
2020-09-26,3.1880300045013428
2020-09-27,3.133837938308716
2020-09-28,3.152704954147339
2020-09-29,2.9583609104156494
2020-09-30,2.9490740299224854
2020-10-01,2.8981618881225586
2020-10-02,2.864197015762329
2020-10-03,2.6273350715637207
2020-10-04,2.5430119037628174
2020-10-05,2.519134998321533
2020-10-06,2.6552000045776367
2020-10-07,2.175808906555176
2020-10-08,2.2999820709228516
2020-10-09,2.3677420616149902
2020-10-10,2.536932945251465
2020-10-11,2.407366991043091
2020-10-12,2.426115036010742
2020-10-13,2.5848910808563232
2020-10-14,2.408195972442627
2020-10-15,2.3148000240325928
2020-10-16,2.265199899673462
2020-10-17,2.1456360816955566
2020-10-18,2.2027499675750732
2020-10-19,2.213371992111206
2020-10-20,2.0581018924713135
2020-10-21,1.8886120319366455
2020-10-22,1.8903720378875732
2020-10-23,1.9570679664611816
2020-10-24,1.960034966468811
2020-10-25,1.9118280410766602
2020-10-26,1.7874590158462524
2020-10-27,1.6854660511016846
2020-10-28,1.7102320194244385
2020-10-29,1.4900530576705933
2020-10-30,1.4289360046386719
2020-10-31,1.4413360357284546
2020-11-01,1.5406999588012695
2020-11-02,1.5998400449752808
2020-11-03,1.474071979522705
2020-11-04,1.4122339487075806
2020-11-05,1.3922549486160278
2020-11-06,1.4052180051803589
2020-11-07,1.9137400388717651
2020-11-08,2.031964063644409
2020-11-09,2.1565980911254883
2020-11-10,2.0286519527435303
2020-11-11,2.2479870319366455
2020-11-12,2.0021250247955322
2020-11-13,1.8991379737854004
2020-11-14,2.020792007446289
2020-11-15,1.9170160293579102
2020-11-16,2.04323410987854
2020-11-17,2.2810800075531006
2020-11-18,2.202181100845337
2020-11-19,2.1150290966033936
2020-11-20,2.0767691135406494
2020-11-21,2.0953919887542725
2020-11-22,2.382205009460449
2020-11-23,2.1448450088500977
2020-11-24,2.2772409915924072
2020-11-25,2.2694849967956543
2020-11-26,2.2665340900421143
2020-11-27,1.9033349752426147
2020-11-28,1.8598250150680542
2020-11-29,1.8879129886627197
2020-11-30,1.9151420593261719
2020-12-01,1.9683209657669067
2020-12-02,1.9772659540176392
2020-12-03,2.117116928100586
2020-12-04,2.098602056503296
2020-12-05,1.8559679985046387
2020-12-06,1.9786579608917236
2020-12-07,1.8534510135650635
2020-12-08,1.8312220573425293
2020-12-09,1.6646219491958618
2020-12-10,1.6624139547348022
2020-12-11,1.5723659992218018
2020-12-12,1.4415899515151978
2020-12-13,1.4907150268554688
2020-12-14,1.5679680109024048
2020-12-15,1.5910300016403198
2020-12-16,1.76009202003479
2020-12-17,1.783892035484314
2020-12-18,1.6790239810943604
2020-12-19,1.699267029762268
2020-12-20,1.670714020729065
2020-12-21,1.5637749433517456
2020-12-22,1.5396089553833008
2020-12-23,1.4902199506759644
2020-12-24,1.207705020904541
2020-12-25,1.3614959716796875
2020-12-26,1.4460140466690063
2020-12-27,1.3250739574432373
2020-12-28,1.3039929866790771
2020-12-29,1.515462040901184
2020-12-30,1.669693946838379
2020-12-31,1.535606026649475
2021-01-01,1.5097750425338745
2021-01-02,1.8455859422683716
2021-01-03,1.7999019622802734
2021-01-04,2.16241192817688
2021-01-05,2.4909820556640625
2021-01-06,2.159626007080078
2021-01-07,1.9365860223770142
2021-01-08,2.3687400817871094
2021-01-09,3.223541021347046
2021-01-10,3.390026092529297
2021-01-11,3.4610650539398193
2021-01-12,3.1036880016326904
2021-01-13,3.628382921218872
2021-01-14,3.516036033630371
2021-01-15,3.2803990840911865
2021-01-16,3.248934030532837
2021-01-17,3.4348700046539307
2021-01-18,3.8221309185028076
2021-01-19,3.7920429706573486
2021-01-20,3.63557505607605
2021-01-21,3.721669912338257
2021-01-22,2.989919900894165
2021-01-23,3.3410348892211914
2021-01-24,3.507110118865967
2021-01-25,3.6346449851989746
2021-01-26,3.6989591121673584
2021-01-27,4.048630237579346
2021-01-28,3.6863698959350586
2021-01-29,3.8615810871124268
2021-01-30,3.837682008743286
2021-01-31,4.237314224243164
2021-02-01,4.261250972747803
2021-02-02,4.613740921020508
2021-02-03,5.246592044830322
2021-02-04,5.731748104095459
2021-02-05,6.435369968414307
2021-02-06,6.687301158905029
2021-02-07,6.117644786834717
2021-02-08,6.702446937561035
2021-02-09,7.869794845581055
2021-02-10,7.818552017211914
2021-02-11,9.08035659790039
2021-02-12,9.214790344238281
2021-02-13,9.23603343963623
2021-02-14,8.742988586425781
2021-02-15,8.724266052246094
2021-02-16,8.860748291015625
2021-02-17,8.298688888549805
2021-02-18,8.232871055603027
2021-02-19,8.97996997833252
2021-02-20,11.478087425231934
2021-02-21,9.987549781799316
2021-02-22,11.073036193847656
2021-02-23,14.421626091003418
2021-02-24,15.213842391967773
2021-02-25,17.230182647705078
2021-02-26,13.865891456604004
2021-02-27,13.601573944091797
2021-02-28,13.20776653289795
2021-03-01,13.108434677124023
2021-03-02,14.96684455871582
2021-03-03,13.963540077209473
2021-03-04,14.094866752624512
2021-03-05,13.066306114196777
2021-03-06,12.569936752319336
2021-03-07,13.043927192687988
2021-03-08,13.826814651489258
2021-03-09,13.615290641784668
2021-03-10,14.850929260253906
2021-03-11,14.219837188720703
2021-03-12,16.020919799804688
2021-03-13,14.563802719116211
2021-03-14,15.301581382751465
2021-03-15,14.477127075195312
2021-03-16,14.163911819458008
2021-03-17,13.634963989257812
2021-03-18,14.210677146911621
2021-03-19,14.232649803161621
2021-03-20,14.195825576782227
2021-03-21,14.218328475952148
2021-03-22,14.3502779006958
2021-03-23,14.84861946105957
2021-03-24,14.190396308898926
2021-03-25,13.650586128234863
2021-03-26,13.01952838897705
2021-03-27,14.786246299743652
2021-03-28,16.47942352294922
2021-03-29,18.083303451538086
2021-03-30,18.891403198242188
2021-03-31,19.1016845703125
2021-04-01,19.415681838989258
2021-04-02,19.084630966186523
2021-04-03,19.796451568603516
2021-04-04,22.52737045288086
2021-04-05,23.9288387298584
2021-04-06,22.977840423583984
2021-04-07,25.145559310913086
2021-04-08,26.51459312438965
2021-04-09,26.985803604125977
2021-04-10,27.64971160888672
2021-04-11,26.80805015563965
2021-04-12,27.918367385864258
2021-04-13,28.541011810302734
2021-04-14,27.400005340576172
2021-04-15,26.436843872070312
2021-04-16,27.820323944091797
2021-04-17,25.369205474853516
2021-04-18,25.135501861572266
2021-04-19,32.33952331542969
2021-04-20,31.476289749145508
2021-04-21,31.681537628173828
2021-04-22,32.68342971801758
2021-04-23,38.8991813659668
2021-04-24,37.25749588012695
2021-04-25,40.8454704284668
2021-04-26,47.54185485839844
2021-04-27,43.89356994628906
2021-04-28,43.161441802978516
2021-04-29,44.84994888305664
2021-04-30,42.50004577636719
2021-05-01,42.89333724975586
2021-05-02,49.50080490112305
2021-05-03,46.90397644042969
2021-05-04,45.983360290527344
2021-05-05,42.637237548828125
2021-05-06,44.97405242919922
2021-05-07,43.502655029296875
2021-05-08,43.15206527709961
2021-05-09,45.61763000488281
2021-05-10,44.34209442138672
2021-05-11,42.87227249145508
2021-05-12,44.59152603149414
2021-05-13,43.235084533691406
2021-05-14,41.03451919555664
2021-05-15,42.699947357177734
2021-05-16,43.40169143676758
2021-05-17,46.89802169799805
2021-05-18,46.66041946411133
2021-05-19,56.089256286621094
2021-05-20,35.04304504394531
2021-05-21,44.4472541809082
2021-05-22,38.988380432128906
2021-05-23,31.225767135620117
2021-05-24,24.498319625854492
2021-05-25,31.396347045898438
2021-05-26,30.047990798950195
2021-05-27,35.48244857788086
2021-05-28,33.6755256652832
2021-05-29,29.003129959106445
2021-05-30,27.408315658569336
2021-05-31,28.60424041748047
2021-06-01,32.7708854675293
2021-06-02,30.935237884521484
2021-06-03,34.018714904785156
2021-06-04,39.581302642822266
2021-06-05,37.41737747192383
2021-06-06,39.74912643432617
2021-06-07,42.25367736816406
2021-06-08,38.25127029418945
2021-06-09,41.27979278564453
2021-06-10,42.0240364074707
2021-06-11,41.11015319824219
2021-06-12,36.16435241699219
2021-06-13,36.51470947265625
2021-06-14,38.70452117919922
2021-06-15,40.53583908081055
2021-06-16,39.54534912109375
2021-06-17,39.68927001953125
2021-06-18,39.26678466796875
2021-06-19,36.81910705566406
2021-06-20,35.23702621459961
2021-06-21,35.261436462402344
2021-06-22,26.592830657958984
2021-06-23,26.91294288635254
2021-06-24,30.846078872680664
2021-06-25,31.16853141784668
2021-06-26,28.607898712158203
2021-06-27,29.752639770507812
2021-06-28,31.880830764770508
2021-06-29,33.00978469848633
2021-06-30,33.96297073364258
2021-07-01,35.505653381347656
2021-07-02,33.30630874633789
2021-07-03,34.01557540893555
2021-07-04,34.4951171875
2021-07-05,34.28255081176758
2021-07-06,32.93030548095703
2021-07-07,34.23280715942383
2021-07-08,36.71971893310547
2021-07-09,33.13433074951172
2021-07-10,33.31843948364258
2021-07-11,31.693038940429688
2021-07-12,32.17338943481445
2021-07-13,30.78640365600586
2021-07-14,29.14269256591797
2021-07-15,31.360700607299805
2021-07-16,28.5490665435791
2021-07-17,26.25412368774414
2021-07-18,26.784170150756836
2021-07-19,26.671239852905273
2021-07-20,24.51030158996582
2021-07-21,23.443456649780273
2021-07-22,26.66532325744629
2021-07-23,27.70650863647461
2021-07-24,28.517900466918945
2021-07-25,28.64940071105957
2021-07-26,28.227025985717773
2021-07-27,28.210498809814453
2021-07-28,28.145641326904297
2021-07-29,27.877975463867188
2021-07-30,31.275415420532227
2021-07-31,32.35328674316406
2021-08-01,36.67912673950195
2021-08-02,34.1905632019043
2021-08-03,33.19142532348633
2021-08-04,34.10835647583008
2021-08-05,35.771976470947266
2021-08-06,37.3553581237793
2021-08-07,39.49230194091797
2021-08-08,39.465904235839844
2021-08-09,37.66049575805664
2021-08-10,38.678810119628906
2021-08-11,40.64894104003906
2021-08-12,41.70451354980469
2021-08-13,41.1143684387207
2021-08-14,44.85142517089844
2021-08-15,44.14995574951172
2021-08-16,53.5411491394043
2021-08-17,62.11532974243164
2021-08-18,64.16835021972656
2021-08-19,72.83856201171875
2021-08-20,72.7489013671875
2021-08-21,78.69892883300781
2021-08-22,73.86833953857422
2021-08-23,72.7694091796875
2021-08-24,75.7801742553711
2021-08-25,70.67996215820312
2021-08-26,71.97343444824219
2021-08-27,74.81178283691406
2021-08-28,88.00001525878906
2021-08-29,96.56397247314453
2021-08-30,94.3448715209961
2021-08-31,109.75614929199219
2021-09-01,107.4444808959961
2021-09-02,110.73123931884766
2021-09-03,128.3890838623047
2021-09-04,146.4184112548828
2021-09-05,138.99014282226562
2021-09-06,142.0628204345703
2021-09-07,164.18368530273438
2021-09-08,173.278564453125
2021-09-09,209.47079467773438
2021-09-10,187.61280822753906
2021-09-11,179.36622619628906
2021-09-12,179.23016357421875
2021-09-13,174.41845703125
2021-09-14,169.77452087402344
2021-09-15,158.41543579101562
2021-09-16,158.80728149414062
2021-09-17,152.3514404296875
2021-09-18,147.44876098632812
2021-09-19,169.22633361816406
2021-09-20,152.7944793701172
2021-09-21,132.76231384277344
2021-09-22,124.17745208740234
2021-09-23,148.05516052246094
2021-09-24,149.9354705810547
2021-09-25,139.2965545654297
2021-09-26,136.21615600585938
2021-09-27,135.93136596679688
2021-09-28,136.5089111328125
2021-09-29,132.33853149414062
2021-09-30,135.41290283203125
2021-10-01,141.38291931152344
2021-10-02,161.59439086914062
2021-10-03,169.11370849609375
2021-10-04,172.9616241455078
2021-10-05,166.99496459960938
2021-10-06,164.60519409179688
2021-10-07,153.96115112304688
2021-10-08,154.2565460205078
2021-10-09,158.70469665527344
2021-10-10,156.75192260742188
2021-10-11,147.80044555664062
2021-10-12,145.00765991210938
2021-10-13,152.52392578125
2021-10-14,148.01727294921875
2021-10-15,150.04660034179688
2021-10-16,163.0070343017578
2021-10-17,157.46356201171875
2021-10-18,159.9974822998047
2021-10-19,157.210205078125
2021-10-20,155.88339233398438
2021-10-21,176.7655487060547
2021-10-22,190.45489501953125
2021-10-23,196.30047607421875
2021-10-24,197.97311401367188
2021-10-25,202.3164825439453
2021-10-26,209.53164672851562
2021-10-27,199.87448120117188
2021-10-28,184.5157012939453
2021-10-29,194.90643310546875
2021-10-30,200.22572326660156
2021-10-31,195.77377319335938
2021-11-01,202.62921142578125
2021-11-02,203.51791381835938
2021-11-03,221.07675170898438
2021-11-04,243.09780883789062
2021-11-05,247.27093505859375
2021-11-06,236.4927520751953
2021-11-07,258.78155517578125
2021-11-08,249.97926330566406
2021-11-09,248.35684204101562
2021-11-10,239.1337432861328
2021-11-11,233.9139862060547
2021-11-12,233.7212677001953
2021-11-13,228.59625244140625
2021-11-14,241.8621063232422
2021-11-15,238.7313995361328
2021-11-16,238.4971466064453
2021-11-17,219.29563903808594
2021-11-18,218.87557983398438
2021-11-19,195.0662841796875
2021-11-20,215.4069061279297
2021-11-21,217.78402709960938
2021-11-22,230.98963928222656
2021-11-23,215.84295654296875
2021-11-24,221.86061096191406
2021-11-25,205.88616943359375
2021-11-26,210.04827880859375
2021-11-27,192.2835693359375
2021-11-28,193.27560424804688
2021-11-29,200.82127380371094
2021-11-30,204.23294067382812
2021-12-01,208.39315795898438
2021-12-02,229.85470581054688
2021-12-03,233.60189819335938
2021-12-04,212.1123809814453
2021-12-05,200.78060913085938
2021-12-06,196.5474853515625
2021-12-07,194.27659606933594
2021-12-08,190.5050048828125
2021-12-09,194.48329162597656
2021-12-10,181.46755981445312
2021-12-11,167.9166259765625
2021-12-12,171.9483184814453
2021-12-13,173.0999298095703
2021-12-14,155.14166259765625
2021-12-15,161.35890197753906
2021-12-16,178.59153747558594
2021-12-17,176.8949737548828
2021-12-18,175.65635681152344
2021-12-19,182.8509063720703
2021-12-20,179.9777374267578
2021-12-21,173.69439697265625
2021-12-22,179.85833740234375
2021-12-23,178.5027618408203
2021-12-24,190.1028594970703
2021-12-25,190.53160095214844
2021-12-26,192.92051696777344
2021-12-27,197.88340759277344
2021-12-28,195.6216583251953
2021-12-29,177.3890380859375
2021-12-30,170.76478576660156
2021-12-31,172.70384216308594
2022-01-01,170.3108367919922
2022-01-02,178.53240966796875
2022-01-03,176.3863067626953
2022-01-04,170.28611755371094
2022-01-05,167.94033813476562
2022-01-06,155.10592651367188
2022-01-07,150.4134063720703
2022-01-08,136.40016174316406
2022-01-09,142.54312133789062
2022-01-10,140.83363342285156
2022-01-11,135.94090270996094
2022-01-12,140.20375061035156
2022-01-13,151.6905975341797
2022-01-14,146.02590942382812
2022-01-15,146.18002319335938
2022-01-16,147.78660583496094
2022-01-17,147.8767852783203
2022-01-18,139.93276977539062
2022-01-19,141.5469970703125
2022-01-20,135.7913360595703
2022-01-21,127.33333587646484
2022-01-22,111.9765396118164
2022-01-23,94.30760192871094
2022-01-24,99.61751556396484
2022-01-25,91.66015625
2022-01-26,94.71883392333984
2022-01-27,92.21805572509766
2022-01-28,89.52909088134766
2022-01-29,91.35469818115234
2022-01-30,96.2490005493164
2022-01-31,93.3011703491211
2022-02-01,99.72594451904297
2022-02-02,110.01945495605469
2022-02-03,101.8281021118164
2022-02-04,101.34093475341797
2022-02-05,112.20548248291016
2022-02-06,113.90282440185547
2022-02-07,115.27619171142578
2022-02-08,117.4089126586914
2022-02-09,113.5340347290039
2022-02-10,114.02164459228516
2022-02-11,106.22976684570312
2022-02-12,96.4014892578125
2022-02-13,95.89258575439453
2022-02-14,93.19368743896484
2022-02-15,96.43740844726562
2022-02-16,104.92504119873047
2022-02-17,101.89823150634766
2022-02-18,93.46298217773438
2022-02-19,90.0518798828125
2022-02-20,91.44432067871094
2022-02-21,90.88302612304688
2022-02-22,83.10639953613281
2022-02-23,86.47079467773438
2022-02-24,84.86357879638672
2022-02-25,89.22813415527344
2022-02-26,92.6088638305664
2022-02-27,90.1246337890625
2022-02-28,85.50110626220703
2022-03-01,99.54046630859375
2022-03-02,98.6490707397461
2022-03-03,100.65377044677734
2022-03-04,95.5670394897461
2022-03-05,88.29053497314453
2022-03-06,89.64859008789062
2022-03-07,84.55287170410156
2022-03-08,82.11260223388672
2022-03-09,82.27992248535156
2022-03-10,88.19039916992188
2022-03-11,82.94074249267578
2022-03-12,80.74752044677734
2022-03-13,81.53121948242188
2022-03-14,78.92557525634766
2022-03-15,81.17005920410156
2022-03-16,82.95167541503906
2022-03-17,87.86245727539062
2022-03-18,87.86626434326172
2022-03-19,89.8204574584961
2022-03-20,92.41366577148438
2022-03-21,88.6050033569336
2022-03-22,88.74190521240234
2022-03-23,90.51393127441406
2022-03-24,95.02090454101562
2022-03-25,102.23835754394531
2022-03-26,98.666748046875
2022-03-27,101.77369689941406
2022-03-28,107.07796478271484
2022-03-29,106.32798767089844
2022-03-30,111.69025421142578
2022-03-31,120.68155670166016
2022-04-01,122.7361068725586
2022-04-02,134.45358276367188
2022-04-03,132.24107360839844
2022-04-04,136.7607879638672
2022-04-05,132.3878631591797
2022-04-06,126.85795593261719
2022-04-07,112.93579864501953
2022-04-08,118.81621551513672
2022-04-09,109.79875946044922
2022-04-10,112.97270965576172
2022-04-11,111.69898986816406
2022-04-12,99.38467407226562
2022-04-13,103.28101348876953
2022-04-14,104.94060516357422
2022-04-15,100.70652770996094
2022-04-16,101.29869079589844
2022-04-17,102.2484359741211
2022-04-18,100.40795135498047
2022-04-19,102.20238494873047
2022-04-20,108.6021957397461
2022-04-21,105.49767303466797
2022-04-22,101.7574234008789
2022-04-23,100.61978149414062
2022-04-24,100.72718811035156
2022-04-25,99.24140930175781
2022-04-26,101.2248764038086
2022-04-27,95.7855224609375
2022-04-28,98.38214874267578
2022-04-29,98.1829605102539
2022-04-30,94.01355743408203
2022-05-01,85.09468841552734
2022-05-02,89.67205810546875
2022-05-03,87.562744140625
2022-05-04,85.84172821044922
2022-05-05,92.76979064941406
2022-05-06,84.58849334716797
2022-05-07,81.76667022705078
2022-05-08,78.98763275146484
2022-05-09,75.23445892333984
2022-05-10,63.36931228637695
2022-05-11,66.73474884033203
2022-05-12,50.23923110961914
2022-05-13,44.63357162475586
2022-05-14,48.67664337158203
2022-05-15,52.43134307861328
2022-05-16,58.80391311645508
2022-05-17,53.656005859375
2022-05-18,57.11631774902344
2022-05-19,49.794864654541016
2022-05-20,52.211971282958984
2022-05-21,49.53544998168945
2022-05-22,50.32065963745117
2022-05-23,52.736087799072266
2022-05-24,49.064231872558594
2022-05-25,49.64841842651367
2022-05-26,47.98397445678711
2022-05-27,43.47438049316406
2022-05-28,41.49373245239258
2022-05-29,44.33879089355469
2022-05-30,44.908668518066406
2022-05-31,47.18132781982422
2022-06-01,45.76512908935547
2022-06-02,40.255279541015625
2022-06-03,40.895751953125
2022-06-04,38.27455139160156
2022-06-05,38.93410110473633
2022-06-06,38.5015983581543
2022-06-07,42.42977523803711
2022-06-08,39.434051513671875
2022-06-09,38.845584869384766
2022-06-10,39.96762466430664
2022-06-11,37.09238052368164
2022-06-12,33.83749008178711
2022-06-13,30.73029327392578
2022-06-14,28.18289566040039
2022-06-15,29.695768356323242
2022-06-16,34.50612258911133
2022-06-17,30.00250244140625
2022-06-18,30.740924835205078
2022-06-19,31.809133529663086
2022-06-20,34.238365173339844
2022-06-21,35.39715576171875
2022-06-22,36.18272399902344
2022-06-23,34.12080383300781
2022-06-24,38.20144271850586
2022-06-25,42.202999114990234
2022-06-26,42.30241775512695
2022-06-27,39.409088134765625
2022-06-28,38.44542694091797
2022-06-29,35.32723617553711
2022-06-30,33.908782958984375
2022-07-01,33.645652770996094
2022-07-02,32.811004638671875
2022-07-03,33.356258392333984
2022-07-04,33.38526916503906
2022-07-05,36.761268615722656
2022-07-06,35.404720306396484
2022-07-07,37.07526779174805
2022-07-08,38.51742935180664
2022-07-09,38.29243469238281
2022-07-10,38.071083068847656
2022-07-11,36.69319534301758
2022-07-12,33.465030670166016
2022-07-13,32.74802780151367
2022-07-14,34.912261962890625
2022-07-15,37.112239837646484
2022-07-16,37.412757873535156
2022-07-17,39.579891204833984
2022-07-18,38.64695739746094
2022-07-19,43.66854476928711
2022-07-20,44.896854400634766
2022-07-21,42.08842468261719
2022-07-22,43.18901062011719
2022-07-23,40.59116744995117
2022-07-24,40.03881072998047
2022-07-25,41.00947952270508
2022-07-26,36.715423583984375
2022-07-27,36.2037467956543
2022-07-28,40.30208206176758
2022-07-29,42.87696838378906
2022-07-30,41.92341613769531
2022-07-31,43.760658264160156
2022-08-01,42.401554107666016
2022-08-02,41.774147033691406
2022-08-03,39.75486373901367
2022-08-04,38.544639587402344
2022-08-05,38.82399368286133
2022-08-06,40.5611686706543
2022-08-07,40.0600471496582
2022-08-08,40.609642028808594
2022-08-09,42.175392150878906
2022-08-10,40.37052536010742
2022-08-11,42.37364959716797
2022-08-12,42.82052993774414
2022-08-13,45.34074401855469
2022-08-14,46.505985260009766
2022-08-15,44.92243957519531
2022-08-16,43.806095123291016
2022-08-17,43.15305709838867
2022-08-18,40.426509857177734
2022-08-19,39.54132843017578
2022-08-20,35.87661361694336
2022-08-21,35.26417922973633
2022-08-22,36.52580642700195
2022-08-23,35.47530746459961
2022-08-24,35.64565658569336
2022-08-25,34.959102630615234
2022-08-26,35.313255310058594
2022-08-27,31.71382713317871
2022-08-28,31.538864135742188
2022-08-29,30.39385986328125
2022-08-30,32.46004104614258
2022-08-31,31.416515350341797
2022-09-01,31.475082397460938
2022-09-02,31.58498764038086
2022-09-03,31.228193283081055
2022-09-04,31.10894012451172
2022-09-05,32.108028411865234
2022-09-06,32.199668884277344
2022-09-07,30.883899688720703
2022-09-08,32.708030700683594
2022-09-09,33.60664367675781
2022-09-10,34.73285675048828
2022-09-11,35.122840881347656
2022-09-12,34.96744155883789
2022-09-13,37.421607971191406
2022-09-14,33.01827621459961
2022-09-15,34.09429168701172
2022-09-16,33.044593811035156
2022-09-17,32.21224594116211
2022-09-18,33.74827575683594
2022-09-19,31.053613662719727
2022-09-20,32.68706512451172
2022-09-21,31.43379020690918
2022-09-22,30.815771102905273
2022-09-23,32.4062385559082
2022-09-24,33.67512893676758
2022-09-25,33.461063385009766
2022-09-26,32.33634948730469
2022-09-27,33.87862777709961
2022-09-28,32.73825454711914
2022-09-29,33.23528289794922
2022-09-30,33.951778411865234
2022-10-01,33.21569061279297
2022-10-02,32.470420837402344
2022-10-03,32.05710983276367
2022-10-04,32.95677185058594
2022-10-05,34.117191314697266
2022-10-06,34.073753356933594
2022-10-07,33.34446716308594
2022-10-08,33.00006866455078
2022-10-09,32.5780143737793
2022-10-10,32.91293716430664
2022-10-11,31.966032028198242
2022-10-12,30.779691696166992
2022-10-13,31.164413452148438
2022-10-14,30.54248809814453
2022-10-15,30.006132125854492
2022-10-16,29.578842163085938
2022-10-17,30.1680908203125
2022-10-18,31.224252700805664
2022-10-19,30.16461753845215
2022-10-20,28.89457130432129
2022-10-21,28.080429077148438
2022-10-22,28.108327865600586
2022-10-23,28.013675689697266
2022-10-24,29.272520065307617
2022-10-25,28.30998992919922
2022-10-26,30.928865432739258
2022-10-27,31.28702735900879
2022-10-28,30.630794525146484
2022-10-29,32.10906219482422
2022-10-30,32.8577766418457
2022-10-31,32.961021423339844
2022-11-01,32.607608795166016
2022-11-02,32.24597930908203
2022-11-03,30.792919158935547
2022-11-04,30.841737747192383
2022-11-05,33.77741622924805
2022-11-06,36.77216720581055
2022-11-07,32.67894744873047
2022-11-08,29.597440719604492
2022-11-09,24.159435272216797
2022-11-10,13.985069274902344
2022-11-11,17.663450241088867
2022-11-12,16.340282440185547
2022-11-13,14.537562370300293
2022-11-14,13.1657133102417
2022-11-15,13.999627113342285
2022-11-16,14.29958724975586
2022-11-17,14.286023139953613
2022-11-18,13.638845443725586
2022-11-19,13.247389793395996
2022-11-20,12.852312088012695
2022-11-21,12.254121780395508
2022-11-22,11.842514991760254
2022-11-23,12.437919616699219
2022-11-24,14.353002548217773
2022-11-25,14.580628395080566
2022-11-26,14.062800407409668
2022-11-27,14.159537315368652
2022-11-28,14.11313247680664
2022-11-29,13.403423309326172
2022-11-30,13.371024131774902
2022-12-01,14.133452415466309
2022-12-02,13.482585906982422
2022-12-03,13.716782569885254
2022-12-04,13.301777839660645
2022-12-05,13.716100692749023
2022-12-06,13.830924987792969
2022-12-07,14.292366981506348
2022-12-08,13.519828796386719
2022-12-09,13.68907356262207
2022-12-10,13.581315994262695
2022-12-11,13.576213836669922
2022-12-12,13.426751136779785
2022-12-13,13.318246841430664
2022-12-14,13.836177825927734
2022-12-15,14.140317916870117
2022-12-16,14.021939277648926
2022-12-17,12.265798568725586
2022-12-18,12.504684448242188
2022-12-19,12.415849685668945
2022-12-20,11.934520721435547
2022-12-21,12.279061317443848
2022-12-22,12.129864692687988
2022-12-23,11.794523239135742
2022-12-24,11.7862548828125
2022-12-25,11.444534301757812
2022-12-26,11.387689590454102
2022-12-27,11.309179306030273
2022-12-28,11.08486270904541
2022-12-29,9.755775451660156
2022-12-30,9.651914596557617
2022-12-31,9.88100528717041
2023-01-01,9.96103572845459
2023-01-02,9.983222007751465
2023-01-03,11.274726867675781
2023-01-04,13.351509094238281
2023-01-05,13.43493938446045
2023-01-06,13.420552253723145
2023-01-07,13.52675724029541
2023-01-08,13.09150505065918
2023-01-09,14.325532913208008
2023-01-10,16.29619789123535
2023-01-11,16.196577072143555
2023-01-12,16.789260864257812
2023-01-13,16.61872673034668
2023-01-14,18.287506103515625
2023-01-15,24.259122848510742
2023-01-16,22.875085830688477
2023-01-17,23.58060073852539
2023-01-18,22.886484146118164
2023-01-19,20.850828170776367
2023-01-20,21.426406860351562
2023-01-21,25.551525115966797
2023-01-22,24.624042510986328
2023-01-23,24.23154640197754
2023-01-24,24.352102279663086
2023-01-25,22.79620361328125
2023-01-26,24.561397552490234
2023-01-27,24.350980758666992
2023-01-28,24.410602569580078
2023-01-29,23.98078727722168
2023-01-30,26.13530158996582
2023-01-31,23.949321746826172
2023-02-01,23.948514938354492
2023-02-02,24.988786697387695
2023-02-03,24.26081085205078
2023-02-04,24.679983139038086
2023-02-05,24.319520950317383
2023-02-06,23.493684768676758
2023-02-07,22.69782257080078
2023-02-08,23.860729217529297
2023-02-09,23.198091506958008
2023-02-10,20.453590393066406
2023-02-11,20.12839126586914
2023-02-12,20.828874588012695
2023-02-13,21.486787796020508
2023-02-14,20.78159523010254
2023-02-15,21.824722290039062
2023-02-16,23.88418960571289
2023-02-17,22.282129287719727
2023-02-18,23.167396545410156
2023-02-19,23.476207733154297
2023-02-20,24.84637451171875
2023-02-21,26.18273162841797
2023-02-22,24.949750900268555
2023-02-23,24.18242073059082
2023-02-24,23.89963722229004
2023-02-25,23.058849334716797
2023-02-26,22.52385711669922
2023-02-27,23.255739212036133
2023-02-28,22.69098472595215
2023-03-01,21.91213607788086
2023-03-02,22.505313873291016
2023-03-03,21.98651695251465
2023-03-04,21.400026321411133
2023-03-05,20.966392517089844
2023-03-06,20.978412628173828
2023-03-07,20.63469123840332
2023-03-08,20.24393081665039
2023-03-09,18.424707412719727
2023-03-10,17.3122501373291
2023-03-11,18.243104934692383
2023-03-12,18.22479820251465
2023-03-13,20.310792922973633
2023-03-14,20.434707641601562
2023-03-15,20.93529510498047
2023-03-16,19.299495697021484
2023-03-17,19.730066299438477
2023-03-18,21.6324405670166
2023-03-19,21.19828987121582
2023-03-20,21.904611587524414
2023-03-21,22.177589416503906
2023-03-22,22.614276885986328
2023-03-23,21.475513458251953
2023-03-24,22.21415138244629
2023-03-25,20.677745819091797
2023-03-26,20.444177627563477
2023-03-27,20.976085662841797
2023-03-28,19.922195434570312
2023-03-29,20.46544075012207
2023-03-30,21.113840103149414
2023-03-31,20.552515029907227
2023-04-01,21.17135238647461
2023-04-02,21.08799171447754
2023-04-03,20.53603744506836
2023-04-04,20.442649841308594
2023-04-05,20.924537658691406
2023-04-06,20.96971321105957
2023-04-07,20.611345291137695
2023-04-08,20.4666748046875
2023-04-09,20.03837013244629
2023-04-10,20.300235748291016
2023-04-11,20.883928298950195
2023-04-12,23.018800735473633
2023-04-13,23.810882568359375
2023-04-14,24.43577766418457
2023-04-15,24.77461051940918
2023-04-16,24.07978630065918
2023-04-17,25.36248016357422
2023-04-18,24.564685821533203
2023-04-19,24.85041046142578
2023-04-20,22.704620361328125
2023-04-21,22.183801651000977
2023-04-22,21.27747344970703
2023-04-23,21.81642723083496
2023-04-24,21.479459762573242
2023-04-25,21.389921188354492
2023-04-26,21.92747688293457
2023-04-27,21.284690856933594
2023-04-28,22.339731216430664
2023-04-29,23.366914749145508
2023-04-30,23.183658599853516
2023-05-01,22.82850456237793
2023-05-02,21.986553192138672
2023-05-03,22.265134811401367
2023-05-04,22.218751907348633
2023-05-05,21.730815887451172
2023-05-06,22.828092575073242
2023-05-07,21.971925735473633
2023-05-08,21.80777931213379
2023-05-09,20.658002853393555
2023-05-10,20.68277931213379
2023-05-11,20.95549964904785
2023-05-12,20.232479095458984
2023-05-13,20.915910720825195
2023-05-14,20.868267059326172
2023-05-15,20.953227996826172
2023-05-16,21.008012771606445
2023-05-17,20.679012298583984
2023-05-18,21.068193435668945
2023-05-19,20.348098754882812
2023-05-20,20.350309371948242
2023-05-21,20.285701751708984
2023-05-22,19.612018585205078
2023-05-23,19.54226303100586
2023-05-24,20.044349670410156
2023-05-25,19.222572326660156
2023-05-26,19.260940551757812
2023-05-27,19.36615753173828
2023-05-28,20.42608070373535
2023-05-29,20.800046920776367
2023-05-30,20.58713722229004
2023-05-31,21.255285263061523
2023-06-01,20.824892044067383
2023-06-02,20.502729415893555
2023-06-03,21.258623123168945
2023-06-04,21.15740966796875
2023-06-05,21.821796417236328
2023-06-06,20.0625057220459
2023-06-07,20.399314880371094
2023-06-08,18.63564682006836
2023-06-09,18.908403396606445
2023-06-10,17.3813533782959
2023-06-11,15.654450416564941
2023-06-12,15.557231903076172
2023-06-13,15.196287155151367
2023-06-14,15.018190383911133
2023-06-15,14.486286163330078
2023-06-16,14.760416030883789
2023-06-17,15.308581352233887
2023-06-18,15.64947509765625
2023-06-19,15.438765525817871
2023-06-20,16.07803726196289
2023-06-21,16.635486602783203
2023-06-22,17.25714874267578
2023-06-23,16.642969131469727
2023-06-24,17.149274826049805
2023-06-25,16.651472091674805
2023-06-26,16.969646453857422
2023-06-27,16.26987075805664
2023-06-28,16.621904373168945
2023-06-29,15.98551082611084
2023-06-30,17.971071243286133
2023-07-01,18.89606475830078
2023-07-02,18.689668655395508
2023-07-03,19.45241355895996
2023-07-04,19.24203109741211
2023-07-05,19.145612716674805
2023-07-06,18.991992950439453
2023-07-07,19.726110458374023
2023-07-08,21.485252380371094
2023-07-09,21.854955673217773
2023-07-10,21.347787857055664
2023-07-11,21.314722061157227
2023-07-12,22.092424392700195
2023-07-13,21.97846031188965
2023-07-14,26.02075958251953
2023-07-15,26.729034423828125
2023-07-16,27.395526885986328
2023-07-17,27.38576889038086
2023-07-18,26.869007110595703
2023-07-19,25.55088233947754
2023-07-20,26.36872673034668
2023-07-21,25.375524520874023
2023-07-22,25.54317855834961
2023-07-23,24.532663345336914
2023-07-24,24.765520095825195
2023-07-25,23.383249282836914
2023-07-26,23.27935791015625
2023-07-27,25.17807960510254
2023-07-28,25.09872817993164
2023-07-29,24.84393310546875
2023-07-30,25.16937255859375
2023-07-31,24.261838912963867
2023-08-01,23.724891662597656
2023-08-02,23.993515014648438
2023-08-03,23.144893646240234
2023-08-04,22.632715225219727
2023-08-05,22.793601989746094
2023-08-06,22.63254737854004
2023-08-07,23.185405731201172
2023-08-08,23.069252014160156
2023-08-09,24.211030960083008
2023-08-10,24.3783016204834
2023-08-11,24.610626220703125
2023-08-12,24.585542678833008
2023-08-13,24.905216217041016
2023-08-14,24.242403030395508
2023-08-15,25.147171020507812
2023-08-16,23.900014877319336
2023-08-17,22.811418533325195
2023-08-18,21.712427139282227
2023-08-19,21.335710525512695
2023-08-20,21.879751205444336
2023-08-21,21.773263931274414
2023-08-22,21.20706558227539
2023-08-23,20.54734992980957
2023-08-24,21.70798683166504
2023-08-25,21.035110473632812
2023-08-26,20.392974853515625
2023-08-27,20.28070068359375
2023-08-28,20.786964416503906
2023-08-29,20.556865692138672
2023-08-30,21.782026290893555
2023-08-31,20.833837509155273
2023-09-01,19.734756469726562
2023-09-02,19.328523635864258
2023-09-03,19.494253158569336
2023-09-04,19.577850341796875
2023-09-05,19.50067710876465
2023-09-06,20.27223777770996
2023-09-07,19.62108039855957
2023-09-08,19.893768310546875
2023-09-09,19.600006103515625
2023-09-10,19.44618797302246
2023-09-11,18.246707916259766
2023-09-12,17.73886489868164
2023-09-13,17.930871963500977
2023-09-14,18.403322219848633
2023-09-15,18.83917999267578
2023-09-16,19.169498443603516
2023-09-17,19.139827728271484
2023-09-18,18.832380294799805
2023-09-19,19.657075881958008
2023-09-20,20.03628921508789
2023-09-21,20.3048152923584
2023-09-22,19.47825050354004
2023-09-23,19.43851089477539
2023-09-24,19.473894119262695
2023-09-25,19.3741455078125
2023-09-26,19.40274429321289
2023-09-27,19.02251434326172
2023-09-28,19.129474639892578
2023-09-29,19.95958137512207
2023-09-30,20.299589157104492
2023-10-01,21.392059326171875
2023-10-02,23.837955474853516
2023-10-03,23.36992073059082
2023-10-04,23.556915283203125
2023-10-05,23.14655113220215
2023-10-06,22.692167282104492
2023-10-07,23.4239501953125
2023-10-08,23.289335250854492
2023-10-09,23.244909286499023
2023-10-10,22.117517471313477
2023-10-11,22.105201721191406
2023-10-12,22.007484436035156
2023-10-13,21.299955368041992
2023-10-14,21.834354400634766
2023-10-15,22.010534286499023
2023-10-16,21.92258644104004
2023-10-17,23.981590270996094
2023-10-18,23.959224700927734
2023-10-19,23.4334774017334
2023-10-20,24.937543869018555
2023-10-21,27.034481048583984
2023-10-22,29.384227752685547
2023-10-23,29.26222038269043
2023-10-24,31.84965705871582
2023-10-25,30.151220321655273
2023-10-26,32.461856842041016
2023-10-27,32.77643585205078
2023-10-28,31.73992156982422
2023-10-29,31.652101516723633
2023-10-30,32.819034576416016
2023-10-31,34.95983123779297
2023-11-01,38.513057708740234
2023-11-02,41.385948181152344
2023-11-03,40.208927154541016
2023-11-04,39.52021026611328
2023-11-05,42.37336730957031
2023-11-06,41.238563537597656
2023-11-07,42.13777160644531
2023-11-08,43.08591842651367
2023-11-09,43.18186950683594
2023-11-10,45.4423713684082
2023-11-11,56.640995025634766
2023-11-12,56.13203048706055
2023-11-13,56.180625915527344
2023-11-14,51.902217864990234
2023-11-15,56.83993911743164
2023-11-16,65.53944396972656
2023-11-17,57.92103958129883
2023-11-18,58.39267349243164
2023-11-19,58.52428436279297
2023-11-20,61.370460510253906
2023-11-21,56.540367126464844
2023-11-22,52.00212860107422
2023-11-23,57.57801818847656
2023-11-24,56.57889175415039
2023-11-25,56.86628723144531
2023-11-26,58.845420837402344
2023-11-27,57.628868103027344
2023-11-28,55.06262969970703
2023-11-29,58.193050384521484
2023-11-30,59.253517150878906
2023-12-01,59.23817825317383
2023-12-02,59.80374526977539
2023-12-03,63.82087707519531
2023-12-04,63.03776931762695
2023-12-05,61.5291748046875
2023-12-06,60.97986602783203
2023-12-07,61.934043884277344
2023-12-08,67.84671783447266
2023-12-09,74.98954772949219
2023-12-10,72.27294921875
2023-12-11,74.71422576904297
2023-12-12,70.34428405761719
2023-12-13,68.5322494506836
2023-12-14,70.74867248535156
2023-12-15,75.63668823242188
2023-12-16,72.43347930908203
2023-12-17,73.47478485107422
2023-12-18,70.93263244628906
2023-12-19,74.34918975830078
2023-12-20,72.989990234375
2023-12-21,82.1856460571289
2023-12-22,93.85801696777344
2023-12-23,98.0016860961914
2023-12-24,107.72513580322266
2023-12-25,112.56411743164062
2023-12-26,121.08433532714844
2023-12-27,112.65483093261719
2023-12-28,107.022705078125
2023-12-29,102.06928253173828
2023-12-30,106.29850006103516
2023-12-31,101.84417724609375
2024-01-01,101.51280975341797
2024-01-02,109.54906463623047
2024-01-03,106.61653137207031
2024-01-04,98.58697509765625
2024-01-05,105.05200958251953
2024-01-06,99.98799133300781
2024-01-07,93.8603515625
2024-01-08,89.2781753540039
2024-01-09,97.81603240966797
2024-01-10,99.38423919677734
2024-01-11,102.10365295410156
2024-01-12,99.91187286376953
2024-01-13,91.7597427368164
2024-01-14,95.73265075683594
2024-01-15,94.03654479980469
2024-01-16,94.43834686279297
2024-01-17,97.61580657958984
2024-01-18,102.02949523925781
2024-01-19,94.25067138671875
2024-01-20,93.393798828125
2024-01-21,92.58952331542969
2024-01-22,90.90369415283203
2024-01-23,83.62184143066406
2024-01-24,84.28726196289062
2024-01-25,88.73780059814453
2024-01-26,86.88945007324219
2024-01-27,92.38762664794922
2024-01-28,94.18190002441406
2024-01-29,95.93798065185547
2024-01-30,101.56666564941406
2024-01-31,101.44925689697266
2024-02-01,97.02484130859375
2024-02-02,97.8346939086914
2024-02-03,100.45113372802734
2024-02-04,97.88506317138672
2024-02-05,95.47146606445312
2024-02-06,95.54961395263672
2024-02-07,96.86189270019531
2024-02-08,100.99549865722656
2024-02-09,102.79017639160156
2024-02-10,106.93366241455078
2024-02-11,109.1166763305664
2024-02-12,107.49263000488281
2024-02-13,111.97724914550781
2024-02-14,112.57496643066406
2024-02-15,116.98538970947266
2024-02-16,113.6730728149414
2024-02-17,110.44330596923828
2024-02-18,108.98760223388672
2024-02-19,112.17882537841797
2024-02-20,111.48344421386719
2024-02-21,108.45266723632812
2024-02-22,105.12030792236328
2024-02-23,101.67462158203125
2024-02-24,99.95437622070312
2024-02-25,104.1326675415039
2024-02-26,103.4507064819336
2024-02-27,109.91878509521484
2024-02-28,108.39923858642578
2024-02-29,118.2387466430664
2024-03-01,125.63670349121094
2024-03-02,129.98231506347656
2024-03-03,129.7933807373047
2024-03-04,130.42323303222656
2024-03-05,133.15936279296875
2024-03-06,125.69921112060547
2024-03-07,130.7420196533203
2024-03-08,143.97727966308594
2024-03-09,145.24032592773438
2024-03-10,144.60733032226562
2024-03-11,144.5144805908203
2024-03-12,148.7496795654297
2024-03-13,151.01544189453125
2024-03-14,163.83993530273438
2024-03-15,176.67974853515625
2024-03-16,182.96751403808594
2024-03-17,181.88034057617188
2024-03-18,202.1226043701172
2024-03-19,195.9927520751953
2024-03-20,170.0162811279297
2024-03-21,191.54962158203125
2024-03-22,179.23980712890625
2024-03-23,174.36370849609375
2024-03-24,172.8978729248047
2024-03-25,183.57345581054688
2024-03-26,189.08338928222656
2024-03-27,190.69998168945312
2024-03-28,186.36146545410156
2024-03-29,189.6216278076172
2024-03-30,192.2278594970703
2024-03-31,194.37579345703125
2024-04-01,202.8744354248047
2024-04-02,192.5678253173828
2024-04-03,181.1727294921875
2024-04-04,185.2486114501953
2024-04-05,183.95811462402344
2024-04-06,174.5015106201172
2024-04-07,178.91534423828125
2024-04-08,179.65069580078125
2024-04-09,180.77951049804688
2024-04-10,172.4142608642578
2024-04-11,173.43736267089844
2024-04-12,172.5763702392578
2024-04-13,153.6344757080078
2024-04-14,139.34169006347656
2024-04-15,151.2994384765625
2024-04-16,138.507568359375
2024-04-17,136.27911376953125
2024-04-18,131.86717224121094
2024-04-19,142.0823974609375
2024-04-20,142.67845153808594
2024-04-21,151.1340789794922
2024-04-22,148.60931396484375
2024-04-23,157.03121948242188
2024-04-24,154.70130920410156
2024-04-25,147.74961853027344
2024-04-26,144.88917541503906
2024-04-27,139.10433959960938
2024-04-28,141.28916931152344
2024-04-29,137.8601837158203
2024-04-30,137.7772979736328
2024-05-01,126.9625473022461
2024-05-02,134.6279754638672
2024-05-03,137.81448364257812
2024-05-04,143.77220153808594
2024-05-05,146.1350555419922
2024-05-06,145.71205139160156
2024-05-07,152.80667114257812
2024-05-08,148.1343231201172
2024-05-09,142.29473876953125
2024-05-10,152.8529052734375
2024-05-11,146.2169647216797
2024-05-12,145.3143768310547
2024-05-13,143.52081298828125
2024-05-14,147.27908325195312
2024-05-15,142.0303955078125
2024-05-16,158.18775939941406
2024-05-17,159.116455078125
2024-05-18,169.53054809570312
2024-05-19,172.53919982910156
2024-05-20,170.0913543701172
2024-05-21,186.51951599121094
2024-05-22,178.1156768798828
2024-05-23,176.8631134033203
2024-05-24,175.98577880859375
2024-05-25,167.7969207763672
2024-05-26,168.43763732910156
2024-05-27,163.3509063720703
2024-05-28,169.9961395263672
2024-05-29,168.65084838867188
2024-05-30,168.0726776123047
2024-05-31,166.97653198242188
2024-06-01,165.63772583007812
2024-06-02,166.0296173095703
2024-06-03,163.25015258789062
2024-06-04,164.92506408691406
2024-06-05,171.8019256591797
2024-06-06,173.48291015625
2024-06-07,170.01583862304688
2024-06-08,162.4967498779297
2024-06-09,157.96371459960938
2024-06-10,162.07888793945312
2024-06-11,158.9341278076172
2024-06-12,149.4223175048828
2024-06-13,155.19235229492188
2024-06-14,147.28204345703125
2024-06-15,143.07408142089844
2024-06-16,145.41796875
2024-06-17,151.13723754882812
2024-06-18,143.314697265625
2024-06-19,137.4798126220703
2024-06-20,135.60960388183594
2024-06-21,133.47195434570312
2024-06-22,134.56765747070312
2024-06-23,133.66000366210938
2024-06-24,128.59800720214844
2024-06-25,132.26934814453125
2024-06-26,136.5549774169922
2024-06-27,136.61341857910156
2024-06-28,149.4542694091797
2024-06-29,139.7193145751953
2024-06-30,140.01272583007812
2024-07-01,146.4812774658203
2024-07-02,146.5885467529297
2024-07-03,153.7111358642578
2024-07-04,140.71533203125
2024-07-05,127.60507202148438
2024-07-06,134.36329650878906
2024-07-07,143.1870574951172
2024-07-08,131.79702758789062
2024-07-09,139.537353515625
2024-07-10,141.3741455078125
2024-07-11,141.98280334472656
2024-07-12,135.86402893066406
2024-07-13,139.52639770507812
2024-07-14,141.92665100097656
2024-07-15,147.6661376953125
2024-07-16,159.77333068847656
2024-07-17,160.56329345703125
2024-07-18,155.59104919433594
2024-07-19,159.0923309326172
2024-07-20,169.1826171875
2024-07-21,173.89373779296875
2024-07-22,184.54556274414062
2024-07-23,178.97828674316406
2024-07-24,172.75851440429688
2024-07-25,178.02952575683594
2024-07-26,171.9625701904297
2024-07-27,183.13809204101562
2024-07-28,184.08599853515625
2024-07-29,184.88719177246094
2024-07-30,182.77159118652344
2024-07-31,179.10804748535156
2024-08-01,171.82566833496094
2024-08-02,167.66053771972656
2024-08-03,152.6382293701172
2024-08-04,142.9219512939453
2024-08-05,138.0526885986328
2024-08-06,129.86294555664062
2024-08-07,144.0882110595703
2024-08-08,144.63247680664062
2024-08-09,162.9307403564453
2024-08-10,156.45721435546875
2024-08-11,153.961669921875
2024-08-12,141.53207397460938
2024-08-13,146.45455932617188
2024-08-14,146.7126922607422
2024-08-15,143.92266845703125
2024-08-16,142.7428741455078
2024-08-17,139.33056640625
2024-08-18,141.7985076904297
2024-08-19,142.58688354492188
2024-08-20,144.3468475341797
2024-08-21,142.33303833007812
2024-08-22,142.70960998535156
2024-08-23,143.2579345703125
2024-08-24,153.10833740234375
2024-08-25,160.73175048828125
2024-08-26,158.9114990234375
2024-08-27,157.23658752441406
2024-08-28,146.8970947265625
2024-08-29,143.8910675048828
2024-08-30,140.0540313720703
2024-08-31,138.09999084472656
2024-09-01,135.37425231933594
2024-09-02,128.6905517578125
2024-09-03,135.0023651123047
2024-09-04,127.57758331298828
2024-09-05,133.6043701171875
2024-09-06,129.32894897460938
2024-09-07,124.99007415771484
2024-09-08,127.72156524658203
2024-09-09,129.98951721191406
2024-09-10,135.0263671875
2024-09-11,135.63494873046875
2024-09-12,132.49708557128906
2024-09-13,136.14190673828125
2024-09-14,139.1025390625
2024-09-15,137.17977905273438
2024-09-16,131.4993896484375
2024-09-17,131.47244262695312
2024-09-18,131.53707885742188
2024-09-19,133.99185180664062
2024-09-20,142.8365478515625
2024-09-21,146.56680297851562
2024-09-22,149.52703857421875
2024-09-23,144.80364990234375
2024-09-24,144.8149871826172
2024-09-25,152.89096069335938
2024-09-26,148.02110290527344
2024-09-27,155.5760955810547
2024-09-28,157.7519073486328
2024-09-29,156.9124298095703
2024-09-30,158.63241577148438
2024-10-01,152.61846923828125
2024-10-02,145.28988647460938
2024-10-03,140.38490295410156
2024-10-04,136.78518676757812
2024-10-05,143.17227172851562
2024-10-06,142.7117156982422
2024-10-07,146.44354248046875
2024-10-08,143.99179077148438
2024-10-09,143.3953399658203
2024-10-10,139.3137664794922
2024-10-11,138.88674926757812
2024-10-12,145.3811492919922
2024-10-13,146.50033569335938
2024-10-14,147.57025146484375
2024-10-15,157.44512939453125
2024-10-16,154.7206268310547
2024-10-17,154.23817443847656
2024-10-18,150.3227081298828
2024-10-19,154.97593688964844
2024-10-20,159.64122009277344
2024-10-21,166.93861389160156
2024-10-22,166.2176055908203
2024-10-23,167.26063537597656
2024-10-24,171.11087036132812
2024-10-25,177.15713500976562
2024-10-26,164.75599670410156
2024-10-27,170.70596313476562
2024-10-28,176.55368041992188
2024-10-29,178.1036376953125
2024-10-30,179.36074829101562
2024-10-31,174.92507934570312
2024-11-01,168.4302215576172
2024-11-02,166.2621307373047
2024-11-03,166.01034545898438
2024-11-04,162.55169677734375
2024-11-05,157.74710083007812
2024-11-06,166.72239685058594
2024-11-07,186.9547882080078
2024-11-08,196.3345947265625
2024-11-09,199.93960571289062
2024-11-10,200.19595336914062
2024-11-11,210.6137237548828
2024-11-12,222.6416778564453
2024-11-13,212.2080078125
2024-11-14,215.18446350097656
2024-11-15,209.23623657226562
2024-11-16,218.56936645507812
2024-11-17,215.84779357910156
2024-11-18,237.57553100585938
2024-11-19,239.80088806152344
2024-11-20,238.0925750732422
2024-11-21,235.42739868164062
2024-11-22,257.0814208984375
2024-11-23,256.5181579589844
2024-11-24,255.1785125732422
2024-11-25,252.9160614013672
2024-11-26,234.4456787109375
2024-11-27,230.9722137451172
2024-11-28,242.3004608154297
2024-11-29,237.76397705078125
2024-11-30,243.54884338378906
2024-12-01,237.74383544921875
2024-12-02,237.0654296875
2024-12-03,225.76856994628906
2024-12-04,234.2003173828125
2024-12-05,229.119384765625
2024-12-06,236.54147338867188
2024-12-07,237.0510711669922
2024-12-08,239.48516845703125
2024-12-09,237.4574432373047
2024-12-10,217.32894897460938
2024-12-11,213.83522033691406
2024-12-12,227.4451141357422
2024-12-13,227.02671813964844
2024-12-14,224.83729553222656
2024-12-15,219.84075927734375
2024-12-16,223.6561279296875
2024-12-17,216.33377075195312
2024-12-18,222.82318115234375
2024-12-19,206.3828125
2024-12-20,194.2822723388672
2024-12-21,194.2073974609375
2024-12-22,181.2868194580078
2024-12-23,180.17428588867188
2024-12-24,189.75369262695312
2024-12-25,196.99136352539062
2024-12-26,197.47515869140625
2024-12-27,188.216552734375
2024-12-28,183.83338928222656
2024-12-29,195.02244567871094
2024-12-30,189.74420166015625
2024-12-31,191.04530334472656
2025-01-01,189.2669219970703
2025-01-02,193.87213134765625
2025-01-03,207.76760864257812
2025-01-04,217.748046875
2025-01-05,216.6227569580078
2025-01-06,213.39483642578125
2025-01-07,218.41293334960938
2025-01-08,202.22787475585938
2025-01-09,197.55905151367188
2025-01-10,185.0131378173828
2025-01-11,187.57118225097656
2025-01-12,187.99533081054688
2025-01-13,188.55091857910156
2025-01-14,182.83299255371094
2025-01-16,205.90902709960938
